"year","spring_daily_temperatures","fall_spawners"
2013,"10.8049707602339181","417158"
2014,"10.8233918128654971","479995"
2015,"12.0332602339181287","197722"
2016,"11.4958333333333334","266199"
2017,"9.9591374269005848","551069"
2018,"10.9552280701754386","189827"
2019,"10.6999269005847953","219975"
