region,year,avg_daily_temperatures,total_spawners
Oregon Coast,2013,8.769315068,125713
Oregon Coast,2014,9.704084507,362293
Oregon Coast,2015,9.987983425,57755
Oregon Coast,2016,9.395901639,76875
Oregon Coast,2017,8.54369863,61674
Oregon Coast,2018,9.139862069,74488
