"year","spring_daily_temperatures","fall_spawners"
2013,"10.8049707602339181","266199"
2014,"10.8233918128654971","551069"
2015,"12.0332602339181287","189827"
2016,"11.4958333333333334","219975"
2017,"9.9591374269005848","147825"
2018,"10.9552280701754386","169432"
2019,"11.1120614035087720","14810"
